Organization,Region,Type,Training_Program,Employee_Focus,Structured_Learning,Large_Scale,Tier,Confidence,Evidence_URLs,Notes
Litmos The New Corporate Academy: What You Need to Know and How to Build Your Own | Litmos Blog,both,Corporate Academy,,,,,Confirmed,100,https://www.litmos.com/blog/articles/how-build-corporate-academy,
Saasacademyadvisors The Ultimate Guide to Building a Corporate Academy | saasacademyadvisors,both,Corporate Academy,,,,,Confirmed,75,https://saasacademyadvisors.com/tools-to-build-launch-and-scale-your-business,
Training Orchestra Learning Academies: Where Corporations Optimize their L&D,both,Corporate Academy,,,,,Confirmed,100,https://trainingorchestra.com/learning-academies/,
Ncwu Corporate Training Programs | Professional Development,both,Corporate Academy,,,,,Confirmed,100,https://ncwu.edu/academics/practical-skills-academy/corporate-training-programs/,
Corpedgroup Corporate Education Group,both,Corporate Academy,,,,,Confirmed,100,https://www.corpedgroup.com/corporate-training.asp,
Galileo The Capability Academy: Where Corporate Training Is Going â€“ JOSH BERSIN,both,Corporate Academy,,,,,Confirmed,100,https://joshbersin.com/2019/10/the-capability-academy-where-corporate-training-is-going/,
Whatfix 16 Best Corporate Training Programs & Courses (2025),both,Corporate Academy,,,,,Confirmed,100,https://whatfix.com/blog/corporate-training-programs/,
Group Moovs Corporate Academy,both,Corporate Academy,,,,,Confirmed,75,https://groupmoovs.com/corporate-academy/,
Project Management Academy Corporate Training Solutions,both,Corporate Academy,,,,,Confirmed,100,https://projectmanagementacademy.net/corporate-training-solutions,
Villanova University Corporate Training | Villanova University,both,Corporate Academy,,,,,Confirmed,75,https://www1.villanova.edu/university/professional-studies/academics/corporate-training.html,
